img,vektor
uploads\extracted\1700322164.4916477.png,"[263.60292585784316, 0.19101080587874858, 9.297865115148493]"
uploads\extracted\1700322164.5106504.png,"[187.9440716911765, 0.2665041724789104, 8.875064489637014]"
uploads\extracted\1700322164.5266464.png,"[182.20139399509804, 0.2658206487189947, 8.878380522274293]"
uploads\extracted\1700322164.545686.png,"[202.43491115196076, 0.23429610960579075, 8.959753487367093]"
uploads\extracted\1700322164.5647736.png,"[266.6809589460784, 0.20297483326266205, 9.153925887993472]"
uploads\extracted\1700322164.5837748.png,"[361.2854319852941, 0.19611962247983117, 9.347988824537547]"
uploads\extracted\1700322164.60278.png,"[159.07881433823528, 0.23113730363506976, 8.944617100840098]"
uploads\extracted\1700322164.6197734.png,"[88.78091299019607, 0.2945376898957653, 8.50200984761267]"
uploads\extracted\1700322164.634773.png,"[121.16534926470588, 0.311721457371237, 8.421532185289728]"
uploads\extracted\1700322164.6507812.png,"[123.80790441176471, 0.3022868809086546, 8.34014453091118]"
uploads\extracted\1700322164.6693301.png,"[399.64010416666673, 0.19899700816119048, 9.083424556070813]"
uploads\extracted\1700322164.6923022.png,"[329.5238970588236, 0.17405727102344434, 9.293879543905135]"
uploads\extracted\1700322164.7143025.png,"[146.10761335784312, 0.24609189305061602, 8.866122520435633]"
uploads\extracted\1700322164.7333133.png,"[837.3412224264706, 0.1638755646414768, 9.630729485868304]"
uploads\extracted\1700322164.7538273.png,"[368.20139399509804, 0.23098389608377734, 9.181457025219041]"
uploads\extracted\1700322164.7728298.png,"[242.7537837009804, 0.23889002919068694, 8.952998442941862]"
uploads\extracted\1700322164.7888298.png,"[133.02876838235295, 0.2431388239460943, 8.767214657718474]"
uploads\extracted\1700322164.8098302.png,"[625.2472579656862, 0.19001092245368711, 9.24857322538799]"
uploads\extracted\1700322164.8376348.png,"[151.82702205882353, 0.2944401037841711, 8.563970411992582]"
uploads\extracted\1700322164.8522043.png,"[115.83180147058823, 0.22017209603440793, 8.574584351578617]"
uploads\extracted\1700322164.8672028.png,"[151.79057904411764, 0.2696218183476832, 8.57439849218288]"
uploads\extracted\1700322164.8822067.png,"[146.77804840686275, 0.26762434694395454, 8.81852461457602]"
uploads\extracted\1700322164.9002078.png,"[335.7010876225491, 0.18690198034573743, 9.323788261168554]"
uploads\extracted\1700322164.917203.png,"[275.01426164215684, 0.26829912878736417, 9.026949821862724]"
uploads\extracted\1700322164.9322038.png,"[153.69617034313725, 0.25798299510394973, 8.924715103286575]"
uploads\extracted\1700322164.9492152.png,"[121.97512254901962, 0.2556780974215459, 8.692607567644806]"
uploads\extracted\1700322164.9653397.png,"[210.9303462009804, 0.18897588352324388, 8.88518452476179]"
uploads\extracted\1700322164.983342.png,"[233.29784007352944, 0.20156856923480587, 9.123259868297321]"
uploads\extracted\1700322164.9993389.png,"[336.0995710784314, 0.2859023106871164, 8.9814539584917]"
uploads\extracted\1700322165.0163383.png,"[348.5935661764705, 0.21919201212803724, 9.24989606565758]"
uploads\extracted\1700322165.0343373.png,"[209.78886335784313, 0.28774790160515357, 8.574960285804856]"
uploads\extracted\1700322165.050349.png,"[347.0222120098039, 0.18459376740799713, 9.260111865444005]"
uploads\extracted\1700322165.06921.png,"[215.07005208333334, 0.2715361341175123, 9.046579686421516]"
uploads\extracted\1700322165.0872202.png,"[452.5032475490196, 0.1883328293596911, 9.244505827836266]"
uploads\extracted\1700322165.107219.png,"[374.6077205882353, 0.29771150261715057, 8.852056716860183]"
uploads\extracted\1700322165.1252284.png,"[178.50623468137255, 0.2804438474828108, 8.846287314445028]"
uploads\extracted\1700322165.1452289.png,"[573.1721660539214, 0.17987694678333696, 9.544396709498992]"
uploads\extracted\1700322165.163748.png,"[91.48532475490195, 0.24846913472374388, 8.653398278774125]"
uploads\extracted\1700322165.1797438.png,"[137.06842830882354, 0.3381055552036102, 8.503865399361093]"
uploads\extracted\1700322165.1967456.png,"[335.37349877450976, 0.33945256353960696, 8.731628344695112]"
uploads\extracted\1700322165.2157726.png,"[662.9012867647059, 0.14393870479230564, 9.561892455956507]"
uploads\extracted\1700322165.2337468.png,"[162.4773284313726, 0.22448937964118335, 8.885569754308161]"
uploads\extracted\1700322165.2487586.png,"[203.73564644607845, 0.243143426653054, 9.055756287703481]"
uploads\extracted\1700322165.2643015.png,"[108.13310355392157, 0.3677814554548072, 8.240353825169175]"
uploads\extracted\1700322165.2782762.png,"[429.07962622549024, 0.176170269014108, 9.38624453118235]"
uploads\extracted\1700322165.2972746.png,"[1503.6821078431371, 0.13047777358226922, 9.911772755991096]"
uploads\extracted\1700322165.3152738.png,"[108.0741268382353, 0.3504372362045426, 8.337450977666613]"
uploads\extracted\1700322165.3302753.png,"[183.81178002450983, 0.19525853870530097, 8.803736917293048]"
uploads\extracted\1700322165.3493059.png,"[302.1856617647059, 0.22582689413156942, 9.100135376348263]"
uploads\extracted\1700322165.3741755.png,"[525.4861519607844, 0.17307695015238506, 9.511594876680135]"
uploads\extracted\1700322165.393213.png,"[527.5615655637255, 0.3093950858791155, 8.333482037193816]"
uploads\extracted\1700322165.4091845.png,"[104.25886948529413, 0.2568148447516006, 8.441391032820368]"
uploads\extracted\1700322165.426174.png,"[148.12176776960786, 0.2744123687870569, 8.740982270995127]"
uploads\extracted\1700322165.4431884.png,"[160.2651960784314, 0.2927703119889564, 8.580131240996252]"
uploads\extracted\1700322165.4597027.png,"[182.87910539215687, 0.21135225378345318, 9.007973888191973]"
uploads\extracted\1700322165.4797063.png,"[157.70157781862747, 0.2828738554353502, 8.76547008873608]"
uploads\extracted\1700322165.4957325.png,"[382.4881893382352, 0.22320121710032492, 9.082138157140257]"
uploads\extracted\1700322165.5147026.png,"[167.40733762254905, 0.251868871829462, 8.737415919004937]"
uploads\extracted\1700322165.5347073.png,"[29.940609681372546, 0.4480211454679542, 7.48653680754337]"
uploads\extracted\1700322165.547718.png,"[144.30602022058824, 0.21828082152602607, 8.68484416540543]"
uploads\extracted\1700322165.5672247.png,"[247.54436274509803, 0.19156141405280488, 9.196575094997575]"
uploads\extracted\1700322165.586225.png,"[170.13138786764702, 0.23384517081699951, 8.884433392246493]"
uploads\extracted\1700322165.605255.png,"[368.3470894607843, 0.15308232641723077, 9.347720970404666]"
uploads\extracted\1700322165.625227.png,"[172.3072763480392, 0.21541792229836854, 9.032245382776413]"
uploads\extracted\1700322165.6442368.png,"[318.11600796568626, 0.22120320148550912, 9.142689278792286]"
uploads\extracted\1700322165.6635876.png,"[306.51420036764716, 0.16784543575269745, 9.10450769596061]"
uploads\extracted\1700322165.685597.png,"[169.201087622549, 0.2567422710521027, 8.792927237313538]"
uploads\extracted\1700322165.7045877.png,"[385.08298100490197, 0.18589038108709696, 9.151046614348207]"
uploads\extracted\1700322165.7235923.png,"[270.7103094362745, 0.19433419145640057, 9.002836428559203]"
uploads\extracted\1700322165.7435992.png,"[152.1829963235294, 0.24060688880736172, 8.837934004695606]"
uploads\extracted\1700322165.7611248.png,"[229.24280024509804, 0.19661398310029723, 8.988955945106296]"
uploads\extracted\1700322165.7791286.png,"[344.5821537990196, 0.21229011196284442, 9.204087654211127]"
uploads\extracted\1700322165.7961156.png,"[272.5276348039215, 0.1844604369020843, 9.208153158398403]"
uploads\extracted\1700322165.813118.png,"[345.2575980392156, 0.2665684698201046, 8.836090231697552]"
uploads\extracted\1700322165.832255.png,"[47.149525122549015, 0.41211186223344193, 7.54721740954232]"
uploads\extracted\1700322165.8458197.png,"[204.90464154411765, 0.19444685885986, 8.998945163394927]"
uploads\extracted\1700322165.8643968.png,"[288.03419117647064, 0.3021212861394117, 8.968923647021953]"
uploads\extracted\1700322165.8793988.png,"[301.1088694852941, 0.18773248537093024, 9.332571026492055]"
uploads\extracted\1700322165.895436.png,"[409.99903492647053, 0.19064224402892835, 9.343351340739279]"
uploads\extracted\1700322165.9143968.png,"[149.7833486519608, 0.25978479328420684, 8.776603993889424]"
uploads\extracted\1700322165.9313972.png,"[218.27771139705882, 0.20164879286613613, 8.989118977266887]"
uploads\extracted\1700322165.9504073.png,"[445.0637867647059, 0.14624570619418414, 9.439937926806813]"
uploads\extracted\1700322165.9709258.png,"[230.45442708333334, 0.38112018159868927, 7.618401506244693]"
uploads\extracted\1700322165.9919238.png,"[85.0983149509804, 0.2872534277502928, 8.377372626298481]"
uploads\extracted\1700322166.0119276.png,"[146.74137561274512, 0.2432030228974181, 8.60594446879026]"
uploads\extracted\1700322166.034925.png,"[60.131801470588236, 0.4194107005167209, 7.682993881836867]"
uploads\extracted\1700322166.0524623.png,"[430.1412683823529, 0.22090165781019286, 9.33960432173149]"
uploads\extracted\1700322166.0924666.png,"[512.0013480392157, 0.23430145606390398, 9.238353882542565]"
uploads\extracted\1700322166.1094606.png,"[154.89382659313722, 0.19853734797053268, 8.61186325777996]"
uploads\extracted\1700322166.1254616.png,"[252.8193474264706, 0.27139078161021146, 8.836683951868658]"
uploads\extracted\1700322166.1414704.png,"[269.0929074754902, 0.2251624327907139, 8.977496507611333]"
uploads\extracted\1700322166.1610074.png,"[147.1743719362745, 0.2648587772680601, 8.854777200393084]"
uploads\extracted\1700322166.176999.png,"[246.36387867647053, 0.21056567803700413, 9.122323124545508]"
uploads\extracted\1700322166.1960063.png,"[256.78664215686274, 0.2725793608500833, 9.005437738214983]"
uploads\extracted\1700322166.2119975.png,"[97.59171262254903, 0.26379315429011224, 8.670680452075782]"
uploads\extracted\1700322166.226.png,"[199.05246629901964, 0.227403468795047, 8.924617863572463]"
uploads\extracted\1700322166.241473.png,"[99.19420955882353, 0.24743790120268916, 8.65860656411667]"
uploads\extracted\1700322166.2567208.png,"[60.19813112745097, 0.3949743921129614, 8.104835494006489]"
uploads\extracted\1700322166.2697203.png,"[247.23520220588236, 0.19064382095449348, 9.207293026960002]"
uploads\extracted\1700322166.2857192.png,"[251.10018382352945, 0.3251585300617019, 8.499995971913828]"
uploads\extracted\1700322166.301747.png,"[385.504212622549, 0.20107671803587718, 9.351092403597825]"
uploads\extracted\1700322166.3167486.png,"[220.235462622549, 0.2490566673254737, 9.0581323762878]"
uploads\extracted\1700322166.3327203.png,"[352.5704503676471, 0.23738765595517133, 9.224746161603008]"
uploads\extracted\1700322166.3477287.png,"[269.95781250000005, 0.207790368006772, 9.24860458505875]"
uploads\extracted\1700322166.3648984.png,"[343.8964767156863, 0.24110743024967235, 8.99417391481135]"
uploads\extracted\1700322166.380897.png,"[193.89356617647059, 0.2657674772177372, 8.552249874292833]"
uploads\extracted\1700322166.3948922.png,"[247.8149050245098, 0.19722084459418304, 9.119500282252387]"
uploads\extracted\1700322166.4128938.png,"[200.19730392156865, 0.2467035798829276, 8.873510561583275]"
uploads\extracted\1700322166.4288914.png,"[179.4092830882353, 0.27258077194880714, 8.907271540097943]"
uploads\extracted\1700322166.4469023.png,"[111.21107536764704, 0.2667088558027559, 8.55969047520756]"
uploads\extracted\1700322166.4653587.png,"[57.77988664215687, 0.29118322009152425, 8.383492475821786]"
uploads\extracted\1700322166.479356.png,"[1108.2002144607843, 0.12222386807890248, 9.883994950598021]"
uploads\extracted\1700322166.4973824.png,"[162.6514399509804, 0.23310400315327748, 8.942867827931392]"
uploads\extracted\1700322166.5133574.png,"[494.4976715686274, 0.22645025676476446, 9.417308274626299]"
uploads\extracted\1700322166.5283809.png,"[152.654212622549, 0.2603576351583263, 8.625115255421711]"
uploads\extracted\1700322166.5433674.png,"[465.6605851715686, 0.21265587828334545, 9.08804750840509]"
uploads\extracted\1700322166.5598857.png,"[165.72360600490197, 0.2964080106768521, 8.518828620919312]"
uploads\extracted\1700322166.5758982.png,"[61.45035232843137, 0.3020547647610164, 8.434881460505414]"
uploads\extracted\1700322166.5899067.png,"[350.3076439950981, 0.16755170764281, 9.240396354310386]"
uploads\extracted\1700322166.6074257.png,"[116.24345894607843, 0.24489240790979017, 8.741964005646736]"
uploads\extracted\1700322166.6254258.png,"[155.80851715686276, 0.36107649555851584, 8.068556170446112]"
uploads\extracted\1700322166.6394413.png,"[181.32489276960783, 0.2880621958122964, 8.698688307506911]"
uploads\extracted\1700322166.6559958.png,"[104.35398284313725, 0.2743441074275665, 8.464498205308702]"
uploads\extracted\1700322166.6729712.png,"[163.5095128676471, 0.24973093466792864, 8.8472137558698]"
uploads\extracted\1700322166.6909683.png,"[141.9336550245098, 0.24423937694825854, 8.841583814125546]"
uploads\extracted\1700322166.7099717.png,"[75.78802083333333, 0.3453023951196173, 8.126370633724486]"
uploads\extracted\1700322166.7279701.png,"[182.95243566176472, 0.2751622864562605, 8.988586925169086]"
uploads\extracted\1700322166.744982.png,"[44.84776348039215, 0.40792163312095026, 7.506978085421346]"
uploads\extracted\1700322166.758286.png,"[84.82440257352941, 0.25765294399221694, 8.70063309115482]"
uploads\extracted\1700322166.77329.png,"[334.161381740196, 0.23381587358450046, 9.243472478529988]"
uploads\extracted\1700322166.8015165.png,"[134.4058670343137, 0.2224728094055645, 8.746296943566666]"
uploads\extracted\1700322166.8194916.png,"[205.10257352941176, 0.23043166812707405, 8.872481095615514]"
uploads\extracted\1700322166.8364913.png,"[321.347824754902, 0.17555127687845296, 9.35311087834203]"
uploads\extracted\1700322166.8580172.png,"[204.40724571078428, 0.3356059757677999, 8.46520009112157]"
uploads\extracted\1700322166.878016.png,"[496.4539675245099, 0.16905402760676458, 9.584234252483819]"
uploads\extracted\1700322166.8970191.png,"[739.3117340686275, 0.19383402163463798, 9.25920983422446]"
uploads\extracted\1700322166.9190173.png,"[91.42231924019606, 0.311345062257839, 8.149237338659844]"
uploads\extracted\1700322166.9360163.png,"[392.76734068627445, 0.2114716510918661, 9.349272266108343]"
uploads\extracted\1700322166.9553292.png,"[192.72336090686278, 0.27767174921537835, 8.658317153002276]"
uploads\extracted\1700322166.974331.png,"[221.67697610294118, 0.23893499025347548, 8.842199976678383]"
uploads\extracted\1700322166.9933257.png,"[96.73189338235295, 0.25781831462687976, 8.565073229602401]"
uploads\extracted\1700322167.0113287.png,"[208.79056372549022, 0.23712584321359112, 9.098702194266265]"
uploads\extracted\1700322167.0303264.png,"[234.52319240196078, 0.23237932039476134, 9.143198124980266]"
uploads\extracted\1700322167.0523396.png,"[147.3597120098039, 0.2541054078270105, 8.684084772339665]"
uploads\extracted\1700322167.070378.png,"[553.8178615196077, 0.2619519026458347, 8.762363266632796]"
uploads\extracted\1700322167.0923777.png,"[191.31076899509804, 0.23951412442683803, 8.854575206133157]"
uploads\extracted\1700322167.1123812.png,"[512.8391237745099, 0.1316823392766322, 9.465844227410635]"
uploads\extracted\1700322167.135403.png,"[216.6493566176471, 0.26684675020152676, 8.845016460224501]"
uploads\extracted\1700322167.1549218.png,"[432.4921262254902, 0.33146102266006133, 8.694086786350718]"
uploads\extracted\1700322167.1729193.png,"[230.12956495098038, 0.3493471581085406, 8.274341263288305]"
uploads\extracted\1700322167.1898594.png,"[437.2059895833334, 0.18651376612994122, 9.276132759309684]"
uploads\extracted\1700322167.2088816.png,"[318.95715379901964, 0.17991524842357862, 9.281454278496346]"
uploads\extracted\1700322167.225884.png,"[100.36724877450982, 0.2529775568156962, 8.555443177126536]"
uploads\extracted\1700322167.2419167.png,"[348.70670955882355, 0.20811333738394225, 9.221665040035736]"
uploads\extracted\1700322167.259477.png,"[111.66882659313728, 0.24690909237265754, 8.698154864294022]"
uploads\extracted\1700322167.276475.png,"[497.08226102941177, 0.17550555153684308, 9.571246067938011]"
uploads\extracted\1700322167.2964764.png,"[157.66358762254904, 0.35379609623049635, 8.153953591084539]"
uploads\extracted\1700322167.3114786.png,"[158.30899203431372, 0.2733352965120181, 8.75418564901185]"
uploads\extracted\1700322167.3304782.png,"[126.72570465686272, 0.23875820664221836, 8.634669110052426]"
uploads\extracted\1700322167.346508.png,"[604.809987745098, 0.17116266280686748, 9.511586850586985]"
uploads\extracted\1700322167.3649955.png,"[322.34402573529417, 0.20891911617465267, 9.307698417932167]"
uploads\extracted\1700322167.382997.png,"[346.2270833333333, 0.23916553002445418, 9.09048022246467]"
uploads\extracted\1700322167.4009988.png,"[155.66609987745096, 0.276691560964439, 8.767055193723712]"
uploads\extracted\1700322167.4160008.png,"[185.02570465686276, 0.30080720526532834, 8.73096565710733]"
uploads\extracted\1700322167.4300225.png,"[66.00337009803921, 0.29650030755550183, 7.88901354800713]"
uploads\extracted\1700322167.4470053.png,"[507.70768995098035, 0.22477702290013693, 9.332728306956763]"
uploads\extracted\1700322167.46552.png,"[255.7011182598039, 0.19909266569791717, 8.975114871388271]"
uploads\extracted\1700322167.4835217.png,"[280.6737132352941, 0.22867613398035097, 8.887563350184404]"
uploads\extracted\1700322167.4995196.png,"[100.33682598039215, 0.30695911963534245, 8.525532032354866]"
uploads\extracted\1700322167.5145195.png,"[395.5457107843137, 0.16876099925981894, 9.296931019855803]"
uploads\extracted\1700322167.5325189.png,"[364.411243872549, 0.2777115793343903, 8.931831547712271]"
uploads\extracted\1700322167.550525.png,"[96.35583639705882, 0.27210545512674966, 8.675826802463403]"
uploads\extracted\1700322167.568101.png,"[104.303125, 0.24436505614174836, 8.859511583772388]"
uploads\extracted\1700322167.5840983.png,"[584.6339613970588, 0.15866334055520803, 9.513797656843954]"
uploads\extracted\1700322167.603374.png,"[327.670618872549, 0.20018843034394262, 9.284690563802648]"
uploads\extracted\1700322167.6221.png,"[124.4125, 0.3143144033197201, 8.277585986692175]"
uploads\extracted\1700322167.6371284.png,"[305.6537530637255, 0.18274762586897164, 9.216476080129505]"
uploads\extracted\1700322167.6576555.png,"[103.71983762254902, 0.40255990786406426, 8.131473385668068]"
uploads\extracted\1700322167.6726518.png,"[486.86795343137254, 0.20396132471989706, 9.230312857882836]"
uploads\extracted\1700322167.689654.png,"[155.93174019607838, 0.27892047834466105, 8.645788234603797]"
uploads\extracted\1700322167.7076678.png,"[668.5086090686275, 0.2058482637400239, 9.392599895917296]"
uploads\extracted\1700322167.7286553.png,"[178.37922794117645, 0.22553760091821615, 9.005964881827294]"
uploads\extracted\1700322167.7456646.png,"[81.56508884803922, 0.2563756343264444, 8.565727090497631]"
uploads\extracted\1700322167.76219.png,"[160.97326899509804, 0.22776137362875515, 8.822964678770175]"
uploads\extracted\1700322167.779189.png,"[67.94483762254902, 0.3099624152944225, 8.215808418664956]"
uploads\extracted\1700322167.7952144.png,"[84.1335631127451, 0.3248645833929588, 8.57150754032125]"
uploads\extracted\1700322167.8111918.png,"[136.5348958333333, 0.23938957955154166, 8.728366362447288]"
uploads\extracted\1700322167.8281915.png,"[130.93924632352943, 0.24261571527659, 8.942212903617081]"
uploads\extracted\1700322167.8471987.png,"[326.6652573529412, 0.20083774079012712, 9.28227792655434]"
uploads\extracted\1700322167.8657355.png,"[307.86155024509804, 0.2505765643851125, 9.141975905242063]"
uploads\extracted\1700322167.8827658.png,"[786.9436580882353, 0.1568168944568164, 9.665934892271542]"
uploads\extracted\1700322167.902736.png,"[164.99669117647056, 0.22434987869594475, 8.875359077439786]"
uploads\extracted\1700322167.9197366.png,"[100.84920343137254, 0.34298586524554797, 8.52344426096214]"
uploads\extracted\1700322167.9347415.png,"[329.4594975490196, 0.23722858915343129, 9.128505708704212]"
uploads\extracted\1700322167.9542835.png,"[71.81750919117647, 0.29627294959315276, 8.269460750282368]"
uploads\extracted\1700322167.9772935.png,"[286.06718750000005, 0.29376815772206477, 8.569210496786567]"
uploads\extracted\1700322167.9932945.png,"[273.5424325980392, 0.18810402571225945, 9.279510783344532]"
uploads\extracted\1700322168.008299.png,"[247.65635723039213, 0.3277745627268277, 8.548045296553253]"
uploads\extracted\1700322168.0232923.png,"[416.01251531862744, 0.19870576571474705, 9.248848790748452]"
uploads\extracted\1700322168.049427.png,"[436.01560968137255, 0.29744966147233454, 8.947921696941847]"
uploads\extracted\1700322168.0679452.png,"[336.86648284313725, 0.26703262790981047, 8.584285257105694]"
uploads\extracted\1700322168.0879474.png,"[155.35546874999997, 0.32231754067035906, 8.5842403336888]"
uploads\extracted\1700322168.1059442.png,"[150.20911458333333, 0.3447509002075368, 8.204664243378529]"
uploads\extracted\1700322168.12095.png,"[157.1223805147059, 0.30685407902500456, 8.512559464584099]"
uploads\extracted\1700322168.1364663.png,"[152.38838848039217, 0.24736289811074832, 8.969096365104166]"
uploads\extracted\1700322168.1530507.png,"[117.96588541666667, 0.27225322993968903, 8.246891690587507]"
uploads\extracted\1700322168.1680624.png,"[42.47296262254901, 0.40404456804647326, 8.061872306632772]"
uploads\extracted\1700322168.182063.png,"[502.2868412990196, 0.1466096453994442, 9.548816685208457]"
uploads\extracted\1700322168.2010624.png,"[456.97310049019603, 0.205271304338191, 9.36753311813938]"
uploads\extracted\1700322168.219068.png,"[237.31510416666666, 0.2941637746773197, 8.809683728565282]"
uploads\extracted\1700322168.235091.png,"[222.06406250000003, 0.261656046410466, 8.503395473839673]"
uploads\extracted\1700322168.2510695.png,"[222.39163602941173, 0.3318376747597794, 8.562513374725919]"
uploads\extracted\1700322168.2663674.png,"[213.9765625, 0.256685290397074, 9.017061813017971]"
uploads\extracted\1700322168.2833679.png,"[147.84183517156862, 0.2511724558894501, 8.673723950483392]"
uploads\extracted\1700322168.3013663.png,"[145.44232536764704, 0.24855846540213974, 8.653616654140398]"
uploads\extracted\1700322168.317396.png,"[223.82363664215683, 0.18904465536028378, 9.123477441555018]"
uploads\extracted\1700322168.3353682.png,"[256.1533241421569, 0.4295618446221295, 7.597634847118428]"
uploads\extracted\1700322168.3503778.png,"[245.91688112745098, 0.20228782497458403, 9.106875178326998]"
uploads\extracted\1700322168.369911.png,"[55.918995098039225, 0.34384622366706996, 8.082094251674926]"
uploads\extracted\1700322168.38391.png,"[306.78988970588233, 0.16562805502021175, 8.956683631278256]"
uploads\extracted\1700322168.4049127.png,"[234.1731617647059, 0.23466464532857922, 9.14533388888869]"
uploads\extracted\1700322168.424913.png,"[741.4602481617646, 0.20159736340544115, 9.236899178959808]"
uploads\extracted\1700322168.4459207.png,"[281.6698069852941, 0.1900453699163769, 9.161505434470767]"
uploads\extracted\1700322168.4634335.png,"[95.4399969362745, 0.2986590677316108, 8.056546435016902]"
uploads\extracted\1700322168.4794352.png,"[99.45592830882353, 0.2763791831654245, 8.683664150826951]"
uploads\extracted\1700322168.4954405.png,"[217.61613051470587, 0.21157628564283415, 8.95848029064782]"
uploads\extracted\1700322168.5184345.png,"[435.9018229166667, 0.2567863927796294, 9.01612975353506]"
uploads\extracted\1700322168.5364618.png,"[160.65278799019606, 0.21685989890958066, 8.846259655001896]"
uploads\extracted\1700322168.5567143.png,"[57.65867034313726, 0.32768701683579116, 8.19243877496021]"
uploads\extracted\1700322168.5737693.png,"[218.94269301470587, 0.2012950611983923, 8.799488289972484]"
uploads\extracted\1700322168.5927682.png,"[133.59589460784315, 0.27362715851187996, 8.557001288172282]"
uploads\extracted\1700322168.6097946.png,"[236.88022365196076, 0.26185121387185156, 8.893303917463141]"
uploads\extracted\1700322168.6267698.png,"[86.2859987745098, 0.3857052062207079, 8.241303821757336]"
uploads\extracted\1700322168.6437786.png,"[311.36639093137256, 0.1748401478297556, 9.240045588013109]"
uploads\extracted\1700322168.6642942.png,"[240.84980085784318, 0.32163045834811926, 8.29964968236202]"
uploads\extracted\1700322168.6792939.png,"[303.2242340686274, 0.20687091459734744, 9.275666784544704]"
uploads\extracted\1700322168.6972969.png,"[129.62048100490196, 0.21683295088642393, 8.646223489878489]"
uploads\extracted\1700322168.7172961.png,"[208.47870710784312, 0.3345154418918045, 8.386871559245982]"
uploads\extracted\1700322168.7343473.png,"[163.72369791666665, 0.22639463773118854, 8.791524169532039]"
uploads\extracted\1700322168.755824.png,"[195.88489583333333, 0.2502351478665635, 8.742354990580086]"
uploads\extracted\1700322168.7758236.png,"[273.7537071078431, 0.17287371318439382, 9.208123256169158]"
uploads\extracted\1700322168.798829.png,"[87.8350643382353, 0.3471567436761938, 8.035821954094356]"
uploads\extracted\1700322168.8198283.png,"[555.7469975490196, 0.2185118449736726, 9.46864551219565]"
uploads\extracted\1700322168.8378263.png,"[169.48924632352941, 0.2159897534813098, 8.956555710966446]"
uploads\extracted\1700322168.856356.png,"[188.43007046568627, 0.30744050909550025, 8.502948677770759]"
uploads\extracted\1700322168.8733542.png,"[83.59548100490196, 0.3197423256554777, 8.187529354264708]"
uploads\extracted\1700322168.889352.png,"[232.99056372549018, 0.19894150279585626, 9.009301875484542]"
uploads\extracted\1700322168.908353.png,"[225.23420649509802, 0.2187010117035221, 9.16095083722045]"
uploads\extracted\1700322168.9243722.png,"[416.93632046568626, 0.21273417144198184, 9.360878107312782]"
uploads\extracted\1700322168.941362.png,"[165.54918811274513, 0.23241394692098125, 8.737774729941952]"
uploads\extracted\1700322168.9586387.png,"[804.2239583333334, 0.14236946117062876, 9.75114323323502]"
uploads\extracted\1700322168.9778178.png,"[117.04633884803921, 0.24000280364906867, 8.736415188281745]"
uploads\extracted\1700322168.993819.png,"[505.84387254901964, 0.1634756594360899, 9.39212436721316]"
uploads\extracted\1700322169.0128174.png,"[185.9021599264706, 0.2346026188378376, 8.977451532966299]"
uploads\extracted\1700322169.0298147.png,"[268.5245863970588, 0.2325160230164919, 9.137747069455694]"
uploads\extracted\1700322169.046825.png,"[217.9114430147059, 0.22330008864138162, 8.951518771653816]"
uploads\extracted\1700322169.0623388.png,"[294.0003982843137, 0.1923515755355287, 9.007468526536313]"
uploads\extracted\1700322169.081339.png,"[152.69905024509805, 0.22462711686982823, 8.746888469652028]"
uploads\extracted\1700322169.0993388.png,"[261.5107843137255, 0.17966562318349716, 9.231530871811069]"
uploads\extracted\1700322169.115336.png,"[90.17677696078432, 0.27442499705892615, 8.272013811980798]"
uploads\extracted\1700322169.1313384.png,"[159.09632352941173, 0.2150017910168313, 9.037540578538286]"
uploads\extracted\1700322169.1483467.png,"[177.58357843137253, 0.25941450563766766, 8.979929600834057]"
uploads\extracted\1700322169.166863.png,"[123.95546875000001, 0.29461639520489025, 8.448461024532865]"
uploads\extracted\1700322169.1838653.png,"[548.0403645833334, 0.19752620515410999, 9.406521494282897]"
uploads\extracted\1700322169.2018714.png,"[381.4438572303922, 0.1991142270679334, 9.282889784443595]"
uploads\extracted\1700322169.22088.png,"[484.40516237745095, 0.19330550216735626, 9.435383468171231]"
uploads\extracted\1700322169.237863.png,"[76.90186887254903, 0.2933794495584696, 8.119031730186887]"
uploads\extracted\1700322169.2539046.png,"[196.3086550245098, 0.27772992173935473, 8.284605929207329]"
uploads\extracted\1700322169.2700078.png,"[100.99404105392158, 0.2452297267286964, 8.287001471521998]"
uploads\extracted\1700322169.285007.png,"[197.23840379901964, 0.21061210016319043, 8.77834413437312]"
uploads\extracted\1700322169.3040097.png,"[118.26119791666666, 0.2469349327138555, 8.77137216539692]"
uploads\extracted\1700322169.3230093.png,"[190.1958792892157, 0.24190463668116058, 8.768651618540893]"
uploads\extracted\1700322169.3410146.png,"[173.0811121323529, 0.2847934640684458, 8.677028970559583]"
uploads\extracted\1700322169.3595412.png,"[167.35390625, 0.2082450421921071, 8.796575814701042]"
uploads\extracted\1700322169.3775377.png,"[509.9032322303921, 0.2701167994680778, 9.186627830975578]"
uploads\extracted\1700322169.394534.png,"[224.29716605392156, 0.35987664730766256, 8.571577982338866]"
uploads\extracted\1700322169.4135377.png,"[371.9670036764706, 0.2291643613074095, 9.14652410319172]"
uploads\extracted\1700322169.4325337.png,"[131.3104319852941, 0.2931334601900418, 8.684347592794378]"
uploads\extracted\1700322169.4540536.png,"[265.0785845588235, 0.2059063150417369, 9.253895292765351]"
uploads\extracted\1700322169.4770665.png,"[112.30579044117646, 0.32054097235974327, 8.198361687695598]"
uploads\extracted\1700322169.5020654.png,"[248.25171568627454, 0.17994127787405056, 9.105379830904967]"
uploads\extracted\1700322169.5267637.png,"[143.45473345588238, 0.22961952408342381, 8.948157259530676]"
uploads\extracted\1700322169.5507686.png,"[217.16354166666665, 0.32760078165634593, 8.362773257232327]"
uploads\extracted\1700322169.572285.png,"[533.7944087009804, 0.1777589964567108, 9.479664220168921]"
uploads\extracted\1700322169.5962834.png,"[111.58425245098039, 0.2421820045082391, 8.802877910691414]"
uploads\extracted\1700322169.6182828.png,"[678.7640165441176, 0.22514284513779034, 9.212979574015838]"
uploads\extracted\1700322169.6422904.png,"[134.78743872549018, 0.23828632680705092, 8.719670438051338]"
uploads\extracted\1700322169.6658368.png,"[462.5222579656863, 0.21415439470974626, 9.366886041980548]"
uploads\extracted\1700322169.6908412.png,"[276.4994944852941, 0.21047890873556585, 9.089174066521144]"
uploads\extracted\1700322169.7208369.png,"[185.47342218137254, 0.3180218699845692, 8.71904737873494]"
uploads\extracted\1700322169.7408452.png,"[271.02308517156865, 0.20696738766446027, 9.136037848152883]"
uploads\extracted\1700322169.762363.png,"[173.03255208333334, 0.2507098378941336, 8.914243835618313]"
uploads\extracted\1700322169.7843623.png,"[227.1602787990196, 0.2493852944189931, 8.656080785903097]"
uploads\extracted\1700322169.8003614.png,"[145.46311274509804, 0.22008360788835704, 8.96436643227496]"
uploads\extracted\1700322169.8163638.png,"[156.73299632352942, 0.2759258960714011, 8.771004493278037]"
uploads\extracted\1700322169.8323627.png,"[107.98622855392156, 0.2656609340915364, 8.438551557961436]"
uploads\extracted\1700322169.847377.png,"[585.5501378676471, 0.1710584769220392, 9.584048410504877]"
uploads\extracted\1700322169.8648877.png,"[547.2991881127452, 0.1963135913746603, 9.360714544356025]"
uploads\extracted\1700322169.8818853.png,"[261.0383731617647, 0.1886276126008959, 8.97744784556664]"
uploads\extracted\1700322169.8998854.png,"[55.31556372549019, 0.309777950412667, 8.048153021133281]"
uploads\extracted\1700322169.916936.png,"[411.51383272058825, 0.18517405496730982, 9.431571782469824]"
uploads\extracted\1700322169.9349856.png,"[231.9039675245098, 0.24872209661707254, 8.795763088373393]"
uploads\extracted\1700322169.950992.png,"[252.15804227941177, 0.24548068966964273, 8.893630393336494]"
uploads\extracted\1700322169.9695067.png,"[149.86740196078435, 0.23387572567970816, 9.069646146919476]"
uploads\extracted\1700322169.984509.png,"[466.57769607843136, 0.2166748723626336, 9.400109158363462]"
uploads\extracted\1700322170.0025065.png,"[351.2536764705881, 0.19618000873724478, 9.302075118030718]"
uploads\extracted\1700322170.0195062.png,"[199.03555453431375, 0.18041367535178418, 8.9194628365169]"
uploads\extracted\1700322170.0385077.png,"[393.84806985294114, 0.37064742296225023, 8.27000876803245]"
uploads\extracted\1700322170.055018.png,"[159.68717830882355, 0.2708489927976983, 8.775737507249339]"
uploads\extracted\1700322170.0720267.png,"[212.29603247549016, 0.18432525026754537, 8.768792811048128]"
uploads\extracted\1700322170.0920298.png,"[476.2870863970588, 0.2267874532149459, 9.098695495685384]"
uploads\extracted\1700322170.109024.png,"[89.46276041666667, 0.2801859476747502, 8.573104539900415]"
uploads\extracted\1700322170.1250274.png,"[171.90182291666667, 0.19291566455417217, 8.827086348284354]"
uploads\extracted\1700322170.1420374.png,"[904.5325061274509, 0.15928532245265367, 9.756843837786155]"
uploads\extracted\1700322170.1615603.png,"[272.80690870098044, 0.2848881383989882, 8.820674036208667]"
uploads\extracted\1700322170.1775603.png,"[470.21223958333337, 0.2366851868397018, 9.15218740788768]"
uploads\extracted\1700322170.1955593.png,"[218.96130514705888, 0.19134886369200751, 9.100785971690213]"
uploads\extracted\1700322170.2135627.png,"[293.1725490196078, 0.22278568082112454, 9.008298027844598]"
uploads\extracted\1700322170.2305603.png,"[61.825536151960776, 0.35178705784476066, 8.123782387425756]"
uploads\extracted\1700322170.2455735.png,"[75.53435968137255, 0.3217871017403342, 8.196961143723922]"
uploads\extracted\1700322170.2627654.png,"[261.72970281862746, 0.1979783642086744, 9.21119438706555]"
uploads\extracted\1700322170.2827685.png,"[195.44725796568628, 0.27141562989652646, 8.85155428032921]"
uploads\extracted\1700322170.3007646.png,"[217.75323223039214, 0.24977717262365787, 8.86505095862226]"
uploads\extracted\1700322170.3167667.png,"[334.44955575980396, 0.15833021274033007, 9.339636972460921]"
uploads\extracted\1700322170.3387678.png,"[190.31662071078432, 0.3327504161479971, 8.07711022645074]"
uploads\extracted\1700322170.3552973.png,"[229.0196231617647, 0.27118406584210236, 8.89889344952828]"
uploads\extracted\1700322170.3713067.png,"[40.2001225490196, 0.3448595828805484, 7.900181033500603]"
uploads\extracted\1700322170.3853037.png,"[230.54051776960785, 0.1978742550263037, 9.259116766629674]"
uploads\extracted\1700322170.4013093.png,"[708.0921874999999, 0.28160139271632706, 8.899974473918187]"
uploads\extracted\1700322170.4183064.png,"[371.27359068627453, 0.24630493312715204, 8.97267362809215]"
uploads\extracted\1700322170.4353054.png,"[392.63166360294116, 0.1958816122922713, 9.254058917127196]"
uploads\extracted\1700322170.4543254.png,"[35.82640931372549, 0.4126667196890324, 7.580613303705878]"
uploads\extracted\1700322170.4698486.png,"[184.20503982843138, 0.27586967133548224, 8.801315085581312]"
uploads\extracted\1700322170.4868736.png,"[280.44552696078426, 0.2189788032367821, 8.972499254877542]"
uploads\extracted\1700322170.5058475.png,"[501.74782475490196, 0.24507613239106554, 8.38107133347871]"
uploads\extracted\1700322170.52485.png,"[151.56723345588236, 0.22855737039858365, 8.67751691955827]"
uploads\extracted\1700322170.5438592.png,"[109.54030330882352, 0.22568654132405452, 8.740462201580268]"
uploads\extracted\1700322170.5643797.png,"[88.24877450980392, 0.2570862259142062, 8.432592738353645]"
uploads\extracted\1700322170.5833805.png,"[81.96688112745099, 0.2825636916152824, 8.59168990717944]"
uploads\extracted\1700322170.6013815.png,"[842.6970894607841, 0.13247386680240386, 9.800903733298659]"
uploads\extracted\1700322170.6223843.png,"[115.95431985294118, 0.30657098357783047, 8.465946621719784]"
uploads\extracted\1700322170.6394153.png,"[113.73560049019609, 0.2802667360727202, 8.581702602464485]"
uploads\extracted\1700322170.6554174.png,"[151.1067095588235, 0.23532507287300844, 8.68215105733395]"
uploads\extracted\1700322170.6748807.png,"[82.99295343137253, 0.2813333775311696, 8.56683220793358]"
uploads\extracted\1700322170.691882.png,"[39.90594362745098, 0.3714462988572261, 8.070283156081162]"
uploads\extracted\1700322170.7088814.png,"[115.52394301470586, 0.28441357841934106, 8.648087902374572]"
uploads\extracted\1700322170.7258825.png,"[233.19659926470587, 0.2029004305976702, 9.245118868153106]"
uploads\extracted\1700322170.7438903.png,"[321.58230698529417, 0.30943615347039066, 8.535078510196762]"
uploads\extracted\1700322170.7624023.png,"[140.95625, 0.2501473754778937, 8.214004521728949]"
uploads\extracted\1700322170.7804043.png,"[108.32504595588235, 0.35590168950446394, 8.179586526211894]"
uploads\extracted\1700322170.7964091.png,"[328.33201593137255, 0.23300272826960058, 9.204302165959437]"
uploads\extracted\1700322170.816405.png,"[208.09517463235295, 0.32626554199950747, 8.630243465481374]"
uploads\extracted\1700322170.8344033.png,"[177.34984681372546, 0.19731367134733957, 8.785828917150525]"
uploads\extracted\1700322170.8559446.png,"[41.45320159313726, 0.40792768377030997, 7.861504956308371]"
uploads\extracted\1700322170.8807414.png,"[150.35986519607843, 0.21558285373249095, 8.787520408755789]"
uploads\extracted\1700322170.8997402.png,"[481.8417432598039, 0.15603470503047812, 9.499183225941081]"
uploads\extracted\1700322170.9207392.png,"[314.2491421568627, 0.27678488327399947, 8.975959279176244]"
uploads\extracted\1700322170.9397395.png,"[99.82627144607842, 0.2590500860141021, 8.489034183040303]"
uploads\extracted\1700322170.9563153.png,"[171.95174632352942, 0.2519976969773656, 8.956689557527813]"
uploads\extracted\1700322170.973309.png,"[207.8746476715686, 0.20686353246021386, 8.88185668255665]"
uploads\extracted\1700322170.997305.png,"[241.79468443627445, 0.23204947877533086, 8.855389213783974]"
uploads\extracted\1700322171.0183046.png,"[214.82498468137254, 0.2552518333782478, 8.741000353254496]"
uploads\extracted\1700322171.0353136.png,"[798.1712162990195, 0.18618028076723078, 9.460063677634075]"
uploads\extracted\1700322171.056568.png,"[214.13553921568626, 0.20636178455134366, 9.173522084795392]"
uploads\extracted\1700322171.0745668.png,"[202.07233455882354, 0.22953978661043692, 8.729990783138737]"
uploads\extracted\1700322171.0945668.png,"[410.42127757352944, 0.20773099396861128, 9.399762400368498]"
uploads\extracted\1700322171.1135669.png,"[549.1698835784314, 0.1976046950227815, 9.544857794389552]"
uploads\extracted\1700322171.1335702.png,"[533.5917279411766, 0.1836396977625383, 9.466535471451989]"
uploads\extracted\1700322171.1535761.png,"[185.75749080882355, 0.23814981640209779, 8.87931298592444]"
uploads\extracted\1700322171.1708846.png,"[490.04434742647055, 0.14902811579773176, 9.427201191732522]"
uploads\extracted\1700322171.1884048.png,"[138.19375000000002, 0.23848906241321333, 8.67472496733872]"
uploads\extracted\1700322171.2073998.png,"[412.37066482843136, 0.2599074228427947, 9.02437092289148]"
uploads\extracted\1700322171.2274046.png,"[108.46401654411764, 0.25473173937178034, 8.66773959537367]"
uploads\extracted\1700322171.2512908.png,"[118.44799325980391, 0.29165691143736383, 8.334672513578269]"
uploads\extracted\1700322171.269815.png,"[463.1913909313725, 0.2013902128463706, 9.41009593773232]"
uploads\extracted\1700322171.2928143.png,"[64.78301164215685, 0.313976298345473, 7.8935442944767145]"
uploads\extracted\1700322171.311814.png,"[520.6455882352941, 0.14927088828106302, 9.455458039234975]"
uploads\extracted\1700322171.3338192.png,"[347.3697916666667, 0.20143335683578276, 9.288184788125124]"
uploads\extracted\1700322171.3548203.png,"[279.6152420343137, 0.19118186114191463, 9.051564161991775]"
uploads\extracted\1700322171.3749726.png,"[556.3415441176471, 0.19307201430910031, 9.374400180234382]"
uploads\extracted\1700322171.3959804.png,"[154.94761029411765, 0.2704895185071476, 8.863029628179811]"
uploads\extracted\1700322171.4129705.png,"[357.56297487745104, 0.18309959260431166, 9.320793647213835]"
uploads\extracted\1700322171.4329746.png,"[434.67533700980397, 0.21143040761386495, 9.112008649809573]"
uploads\extracted\1700322171.4509864.png,"[178.49237132352937, 0.28322575210462936, 8.690893457743774]"
uploads\extracted\1700322171.4724555.png,"[207.74575674019607, 0.2605197975401762, 8.838318540601033]"
uploads\extracted\1700322171.4902017.png,"[213.5103094362745, 0.2465545867307785, 8.600091015639476]"
uploads\extracted\1700322171.5102007.png,"[245.0663143382353, 0.30637647608121016, 8.46442940094639]"
uploads\extracted\1700322171.5282035.png,"[204.67902879901962, 0.21184641441678803, 9.252232236216141]"
uploads\extracted\1700322171.5512211.png,"[106.5530024509804, 0.3108212978468518, 8.411408859041849]"
uploads\extracted\1700322171.5662591.png,"[196.17683823529413, 0.19893900901028433, 9.165660608862968]"
uploads\extracted\1700322171.5832558.png,"[155.1618412990196, 0.2964522164066477, 8.60852758252374]"
uploads\extracted\1700322171.5982487.png,"[247.62711397058825, 0.20893941037401192, 9.037273435182096]"
uploads\extracted\1700322171.6182575.png,"[217.35747549019607, 0.24900168747135223, 9.143335596052163]"
uploads\extracted\1700322171.6332538.png,"[246.37317708333333, 0.2088127290322486, 9.268270728531249]"
uploads\extracted\1700322171.6512575.png,"[489.34083946078425, 0.2988048993126109, 9.048236448631494]"
uploads\extracted\1700322171.6687708.png,"[362.5615042892157, 0.2879650358582357, 8.971562689522294]"
uploads\extracted\1700322171.6867695.png,"[317.3947150735294, 0.17772311939781352, 9.30077783403578]"
uploads\extracted\1700322171.704783.png,"[663.7189644607843, 0.20797492188025085, 9.335546371754035]"
uploads\extracted\1700322171.7227685.png,"[361.6433210784314, 0.2804609007610752, 8.846611846071882]"
uploads\extracted\1700322171.7397683.png,"[171.4425398284314, 0.2148948344762517, 8.902226611980748]"
uploads\extracted\1700322171.7573013.png,"[114.56868872549019, 0.22724327849749917, 8.533622765643209]"
uploads\extracted\1700322171.773301.png,"[143.06953124999998, 0.4056661023128659, 7.832992659696573]"
uploads\extracted\1700322171.7873006.png,"[209.1733149509804, 0.1815311151337074, 9.004888605518403]"
uploads\extracted\1700322171.8063037.png,"[273.91776960784307, 0.2324030319112045, 9.167499528755542]"
uploads\extracted\1700322171.8223007.png,"[183.43774509803922, 0.22846126567866817, 8.926363054951723]"
uploads\extracted\1700322171.8393009.png,"[86.96948529411765, 0.2719222461405606, 8.504938378955933]"
uploads\extracted\1700322171.8553116.png,"[883.2121629901961, 0.1081924019273946, 9.868334526975095]"
uploads\extracted\1700322171.8753388.png,"[137.79319852941174, 0.2470505655859802, 8.877347223573562]"
uploads\extracted\1700322171.8923368.png,"[358.4105392156863, 0.1909951205301239, 9.39169066828434]"
uploads\extracted\1700322171.9103389.png,"[204.71738664215684, 0.22566754808985254, 8.935644466731498]"
uploads\extracted\1700322171.9273381.png,"[114.36943933823531, 0.2689115186894316, 8.634895804225401]"
uploads\extracted\1700322171.9443471.png,"[191.99794730392153, 0.2727570598718179, 8.951676718806285]"
uploads\extracted\1700322171.9615867.png,"[272.8392922794117, 0.19461659539593582, 9.244675164180558]"
uploads\extracted\1700322171.9785883.png,"[59.77527573529413, 0.33847085288061546, 8.313237592355584]"
uploads\extracted\1700322171.994587.png,"[487.2835937500001, 0.21742390349822519, 9.233669896383244]"
uploads\extracted\1700322172.0135882.png,"[131.2268382352941, 0.23136944094250886, 8.471492528711865]"
uploads\extracted\1700322172.028627.png,"[422.380330882353, 0.22369672337626584, 9.098713426498115]"
uploads\extracted\1700322172.0448253.png,"[367.6602175245098, 0.22158564801684738, 9.027566458212064]"
uploads\extracted\1700322172.0603838.png,"[400.1392156862745, 0.20326045788343047, 9.186193064971771]"
uploads\extracted\1700322172.0763443.png,"[163.64238664215682, 0.24620752865022574, 8.660272771893888]"
uploads\extracted\1700322172.0913453.png,"[321.0668504901961, 0.1891310204922797, 9.158957765350454]"
uploads\extracted\1700322172.109344.png,"[287.4707414215686, 0.21283010033114438, 9.168612020269448]"
uploads\extracted\1700322172.126344.png,"[294.8752757352941, 0.21767516151980368, 9.195918675011107]"
uploads\extracted\1700322172.141344.png,"[247.9353094362745, 0.2637198074523031, 8.85972107124752]"
uploads\extracted\1700322172.1563518.png,"[223.22907475490197, 0.27767562275279306, 8.833494710449164]"
uploads\extracted\1700322172.1725605.png,"[363.5412990196079, 0.2225660921547366, 9.268563370589892]"
uploads\extracted\1700322172.1955621.png,"[274.40523897058824, 0.253740534835239, 8.821732698223592]"
uploads\extracted\1700322172.2145607.png,"[210.7516237745098, 0.2211439800096972, 9.120768195157796]"
uploads\extracted\1700322172.2315617.png,"[120.52022058823529, 0.27558998808732144, 8.395012856357654]"
uploads\extracted\1700322172.246564.png,"[171.80398284313725, 0.196663081653497, 9.019318736008838]"
uploads\extracted\1700322172.2627165.png,"[270.62832414215694, 0.18583250704351525, 9.080269753608876]"
uploads\extracted\1700322172.2787104.png,"[294.14335171568626, 0.2795971626927793, 8.930150568216408]"
uploads\extracted\1700322172.2937093.png,"[298.01171875000006, 0.2667680398193952, 8.871875273150032]"
uploads\extracted\1700322172.3087084.png,"[150.25602022058823, 0.19607992901400717, 8.711504123437328]"
uploads\extracted\1700322172.3247135.png,"[161.26435355392158, 0.31394851302402577, 8.783982827709178]"
uploads\extracted\1700322172.3387382.png,"[151.23379289215683, 0.2981788788274942, 8.564376442412918]"
uploads\extracted\1700322172.352749.png,"[591.6268075980392, 0.13818043812597103, 9.626548523290245]"
uploads\extracted\1700322172.3702931.png,"[414.25258884803924, 0.20069656814983292, 9.315979513446441]"
uploads\extracted\1700322172.3862524.png,"[257.47931985294116, 0.23567255526435246, 9.063366923517975]"
uploads\extracted\1700322172.4022932.png,"[134.57068014705882, 0.27665260195234265, 8.68882890458096]"
uploads\extracted\1700322172.4172971.png,"[625.0176776960784, 0.16039402635972602, 9.588898236067775]"
uploads\extracted\1700322172.4332936.png,"[202.52477022058824, 0.24100925377278287, 9.030791756575685]"
uploads\extracted\1700322172.4482582.png,"[100.22176776960784, 0.3633697022421106, 8.07717534531398]"
uploads\extracted\1700322172.4627702.png,"[284.3197763480392, 0.21478613882138975, 8.971879596582532]"
uploads\extracted\1700322172.4777713.png,"[97.33635110294117, 0.24796328088350122, 8.385718526146745]"
uploads\extracted\1700322172.4927754.png,"[147.11401654411765, 0.21432991783521263, 8.799389040742222]"
uploads\extracted\1700322172.5067737.png,"[344.37323835784315, 0.1892056982117888, 9.375666957384373]"
uploads\extracted\1700322172.5227807.png,"[794.5938572303921, 0.2375658858966122, 9.323174099015045]"
uploads\extracted\1700322172.539773.png,"[309.047824754902, 0.23648377875197762, 8.967136021473745]"
uploads\extracted\1700322172.5568202.png,"[44.601639093137244, 0.36882407800236694, 7.827860218330861]"
uploads\extracted\1700322172.5693836.png,"[245.9221507352941, 0.27970611039000154, 8.394239352511185]"
uploads\extracted\1700322172.584384.png,"[267.5034620098039, 0.22708973219190362, 8.940174518893752]"
uploads\extracted\1700322172.5993578.png,"[204.93094362745097, 0.2385450222381318, 8.672610174850764]"
uploads\extracted\1700322172.6153607.png,"[73.93897058823529, 0.3444513275070501, 8.358874741548162]"
uploads\extracted\1700322172.6283965.png,"[138.48823529411763, 0.22662878426807515, 8.80156656727503]"
uploads\extracted\1700322172.6423624.png,"[253.98815870098042, 0.24460627817319355, 8.815615355424484]"
uploads\extracted\1700322172.659002.png,"[141.0758884803922, 0.242428808737734, 8.94392832556665]"
uploads\extracted\1700322172.6760063.png,"[165.64799325980394, 0.2702693675637973, 8.607833688738957]"
uploads\extracted\1700322172.690075.png,"[179.09157475490198, 0.22798842603845507, 9.006301285242687]"
uploads\extracted\1700322172.705586.png,"[327.2008578431372, 0.17693756887613157, 9.21429528327119]"
uploads\extracted\1700322172.7255876.png,"[93.28955269607843, 0.34863562131738907, 7.799473155373695]"
uploads\extracted\1700322172.7395785.png,"[74.09477634803922, 0.30180525531247526, 8.391706932628669]"
uploads\extracted\1700322172.7591176.png,"[161.97182904411764, 0.2945504449318409, 8.552684409716909]"
uploads\extracted\1700322172.773117.png,"[153.74083946078431, 0.2960858637573909, 8.491365182553615]"
uploads\extracted\1700322172.7871544.png,"[146.21848958333334, 0.2764441404237217, 8.733223804692978]"
uploads\extracted\1700322172.8031163.png,"[225.4240962009804, 0.2256341635603276, 9.21468718673286]"
uploads\extracted\1700322172.8181152.png,"[161.83552389705883, 0.2188512320683042, 8.914851673498356]"
uploads\extracted\1700322172.8341186.png,"[156.96933210784312, 0.27838726930941904, 8.636259133076559]"
uploads\extracted\1700322172.850164.png,"[145.0840533088235, 0.2545943847300252, 8.65252883080587]"
uploads\extracted\1700322172.8706698.png,"[275.5454503676471, 0.31815631887583135, 8.196767946223284]"
uploads\extracted\1700322172.888676.png,"[102.64526654411765, 0.26281063159499063, 8.379785870365899]"
uploads\extracted\1700322172.9046948.png,"[130.73602941176472, 0.25962829487253125, 8.428293513478838]"
uploads\extracted\1700322172.9246693.png,"[102.5806832107843, 0.25480604088904274, 8.703869385737763]"
uploads\extracted\1700322172.9416673.png,"[228.96810661764707, 0.23543501598285757, 8.862853868700148]"
uploads\extracted\1700322172.9628813.png,"[136.38843443627454, 0.24462211168264206, 8.812584850383145]"
uploads\extracted\1700322172.9784062.png,"[113.79085477941176, 0.27645891349559915, 8.60693328114345]"
uploads\extracted\1700322172.9934049.png,"[75.81150428921569, 0.3307968164630016, 8.322511432972545]"
uploads\extracted\1700322173.0074074.png,"[71.43474264705883, 0.29728872970167547, 8.535385603939497]"
uploads\extracted\1700322173.0224195.png,"[234.7985294117647, 0.24381226315717086, 8.98241254486504]"
uploads\extracted\1700322173.037934.png,"[50.99525122549019, 0.3618257875630209, 8.072186137987545]"
uploads\extracted\1700322173.0504534.png,"[336.6854626225491, 0.1843186133048803, 9.29859018424347]"
uploads\extracted\1700322173.071504.png,"[511.03003982843137, 0.1796010943889801, 9.553695276037287]"
uploads\extracted\1700322173.1121666.png,"[547.7100643382354, 0.17422346529542432, 9.604266766380235]"
uploads\extracted\1700322173.140166.png,"[190.3696231617647, 0.21289763389208757, 9.026249411906287]"
uploads\extracted\1700322173.1627014.png,"[467.2625612745097, 0.18497070024194454, 9.422708329999129]"
uploads\extracted\1700322173.1817021.png,"[140.56089154411765, 0.23191815268541238, 8.57941528402629]"
uploads\extracted\1700322173.209704.png,"[70.58926164215687, 0.2797888569483944, 8.601163758379048]"
uploads\extracted\1700322173.2287076.png,"[779.3228707107842, 0.14103219561893893, 9.782693734782137]"
uploads\extracted\1700322173.2527094.png,"[295.79515931372555, 0.21300879990886776, 9.019646305119842]"
uploads\extracted\1700322173.276907.png,"[269.0326593137255, 0.23420757901737776, 8.96189955322502]"
uploads\extracted\1700322173.3019109.png,"[127.70376838235293, 0.2634696700269589, 8.687805412835992]"
uploads\extracted\1700322173.3219068.png,"[341.36210171568626, 0.1727427227299653, 9.088986104413074]"
uploads\extracted\1700322173.338905.png,"[520.8267463235294, 0.17608895410001912, 9.606061306669462]"
uploads\extracted\1700322173.364704.png,"[138.14307598039215, 0.2570413188061888, 8.692256797791446]"
uploads\extracted\1700322173.3887072.png,"[62.59051776960784, 0.35698345287563527, 7.989611547582429]"
uploads\extracted\1700322173.4097111.png,"[108.08662683823529, 0.3347779696370645, 8.307233146012816]"
uploads\extracted\1700322173.4277096.png,"[150.1438112745098, 0.24486983768323575, 8.45770921528784]"
uploads\extracted\1700322173.44771.png,"[101.51862745098039, 0.25280851681982947, 8.556136232188324]"
uploads\extracted\1700322173.461965.png,"[509.55419730392157, 0.23694199475519848, 8.98474899875336]"
uploads\extracted\1700322173.4779415.png,"[369.47810968137253, 0.24137049710453667, 9.035015442186292]"
uploads\extracted\1700322173.4929645.png,"[680.9712469362745, 0.16256023387928586, 9.625575899746021]"
uploads\extracted\1700322173.5099614.png,"[469.23483455882354, 0.21588782765151077, 9.186126710643494]"
uploads\extracted\1700322173.5249372.png,"[97.35625, 0.2638883897971784, 8.801037919195387]"
uploads\extracted\1700322173.5475523.png,"[63.16413909313725, 0.36189666009957244, 7.929855259097062]"
uploads\extracted\1700322173.5608559.png,"[163.1346966911765, 0.23772647132151498, 8.935280621783475]"
uploads\extracted\1700322173.5748587.png,"[287.11432291666665, 0.3079061212428631, 8.37268590087347]"
uploads\extracted\1700322173.5898569.png,"[122.88469669117646, 0.25428202965191554, 8.642774592558437]"
uploads\extracted\1700322173.603907.png,"[343.7626838235294, 0.18179942886892944, 9.340075011736968]"
uploads\extracted\1700322173.6198914.png,"[64.73814338235294, 0.2775544652142984, 8.365045973362946]"
uploads\extracted\1700322173.6348917.png,"[91.03514093137254, 0.23775580756545678, 8.460265129613054]"
uploads\extracted\1700322173.6499386.png,"[496.74814644607835, 0.17243996018011787, 9.411103488900043]"
uploads\extracted\1700322173.6695426.png,"[460.886243872549, 0.19793976288828527, 9.338644904512797]"
uploads\extracted\1700322173.6865346.png,"[321.1347579656863, 0.21917784960177641, 8.985225441291783]"
uploads\extracted\1700322173.7035346.png,"[403.0465226715686, 0.22489806120787892, 9.215634545163345]"
uploads\extracted\1700322173.7195346.png,"[268.73785232843136, 0.20963855493232744, 9.127172161002926]"
uploads\extracted\1700322173.7365348.png,"[157.94010416666669, 0.24184642007531937, 8.794482723094863]"
uploads\extracted\1700322173.7525835.png,"[289.53979779411765, 0.18738738616570697, 9.25329753962523]"
uploads\extracted\1700322173.7691832.png,"[155.37924325980393, 0.23265409924811276, 8.834371326265789]"
uploads\extracted\1700322173.7841833.png,"[225.96611519607845, 0.21858820785452387, 9.083533052627715]"
uploads\extracted\1700322173.800189.png,"[238.55514705882354, 0.23221787870286556, 8.992486993687546]"
uploads\extracted\1700322173.8162072.png,"[273.17768075980393, 0.18384175537163625, 9.159868791606545]"
uploads\extracted\1700322173.8317785.png,"[233.16504289215686, 0.191519426853698, 9.147522826081433]"
uploads\extracted\1700322173.8488271.png,"[856.3301930147059, 0.15472552924036617, 9.57857480357572]"
uploads\extracted\1700322173.8674326.png,"[128.33972120098036, 0.3527620609821197, 8.392456082238116]"
uploads\extracted\1700322173.8814328.png,"[360.0098039215687, 0.21164928716938752, 9.286295530533819]"
uploads\extracted\1700322173.898433.png,"[262.18679534313725, 0.21293678987749967, 9.214094515215361]"
uploads\extracted\1700322173.9144328.png,"[96.57754289215687, 0.24621848699552631, 8.760773610695928]"
uploads\extracted\1700322173.9294326.png,"[654.2818321078431, 0.13238925930249598, 9.645460922020918]"
uploads\extracted\1700322173.9484818.png,"[107.70381433823529, 0.34178092514215064, 8.563974039140728]"
uploads\extracted\1700322173.9640386.png,"[266.58988970588234, 0.2063452154675925, 9.088228276282479]"
uploads\extracted\1700322173.9820375.png,"[527.1487898284313, 0.2558136191928308, 8.813758075538683]"
uploads\extracted\1700322173.9990504.png,"[120.4484068627451, 0.22736162319705236, 8.786538847750425]"
uploads\extracted\1700322174.0175855.png,"[182.47890625, 0.24000131275321115, 8.56674745705635]"
uploads\extracted\1700322174.0377104.png,"[146.65225183823532, 0.3180858258262971, 8.396998739272028]"
uploads\extracted\1700322174.0537596.png,"[207.40335477941176, 0.243962129795991, 8.934572156141583]"
uploads\extracted\1700322174.07136.png,"[212.53336397058825, 0.2646613951726784, 8.784063565855218]"
uploads\extracted\1700322174.087363.png,"[57.10315563725489, 0.3680501555190345, 8.260106440044504]"
uploads\extracted\1700322174.1043608.png,"[134.0636795343137, 0.25491108178781213, 8.764441779296991]"
uploads\extracted\1700322174.1203609.png,"[158.04103860294117, 0.23576251936861034, 8.82402573823527]"
uploads\extracted\1700322174.1373599.png,"[280.68515625000003, 0.20838385396095926, 9.159954140866219]"
uploads\extracted\1700322174.15441.png,"[51.81170343137255, 0.32464815821032433, 8.30230004275592]"
uploads\extracted\1700322174.1689727.png,"[155.24457720588234, 0.2429566001349173, 8.840514438623428]"
uploads\extracted\1700322174.1840115.png,"[76.26602328431373, 0.3048293513562685, 8.289809709667779]"
uploads\extracted\1700322174.2010088.png,"[523.1706341911764, 0.26504149098923385, 9.077250723317665]"
uploads\extracted\1700322174.2170084.png,"[312.06227022058823, 0.25073120248349773, 8.870258074297109]"
uploads\extracted\1700322174.2340102.png,"[443.45779718137254, 0.3175941107946466, 8.384521968744794]"
uploads\extracted\1700322174.251057.png,"[95.54764093137254, 0.31800304658530326, 8.4255911968861]"
uploads\extracted\1700322174.2657447.png,"[208.50170036764706, 0.25289251087224424, 8.851190036451866]"
uploads\extracted\1700322174.2836514.png,"[187.10807291666666, 0.19383145320965167, 8.889219792934934]"
uploads\extracted\1700322174.300706.png,"[169.78094362745097, 0.22826016452573775, 8.79390438431049]"
uploads\extracted\1700322174.3173118.png,"[155.0557904411765, 0.2225474611735976, 8.68410178358959]"
uploads\extracted\1700322174.3322933.png,"[691.4671721813725, 0.15962126455181594, 9.676666694440707]"
uploads\extracted\1700322174.3493266.png,"[182.17035845588236, 0.2161183112030648, 8.810986440305344]"
uploads\extracted\1700322174.3679042.png,"[773.6456495098039, 0.17146183444636515, 9.56725213162329]"
uploads\extracted\1700322174.3859165.png,"[69.19659926470588, 0.2905297979853414, 8.306606730917169]"
uploads\extracted\1700322174.400917.png,"[163.05373774509803, 0.23751420229029577, 8.99011847087826]"
uploads\extracted\1700322174.4179163.png,"[127.36809129901961, 0.3405772503013853, 8.348586221258618]"
uploads\extracted\1700322174.4349163.png,"[126.03057598039216, 0.34532388693148663, 8.1963878844707]"
uploads\extracted\1700322174.4499648.png,"[425.73325674019605, 0.19953572321607457, 9.273960895097272]"
uploads\extracted\1700322174.4675643.png,"[245.50635723039215, 0.19208124407979646, 9.203939761292444]"
uploads\extracted\1700322174.4865649.png,"[605.8673100490197, 0.1893757414450964, 9.492738907567315]"
uploads\extracted\1700322174.504564.png,"[1310.8269301470589, 0.20256447544855366, 9.238110457836909]"
uploads\extracted\1700322174.521564.png,"[355.7850337009804, 0.20270143108569727, 9.072950482861295]"
uploads\extracted\1700322174.5405648.png,"[99.8727787990196, 0.2675896501887842, 8.18835916444909]"
uploads\extracted\1700322174.5556111.png,"[65.22829350490196, 0.2611024930719976, 8.298648270040866]"
uploads\extracted\1700322174.5752108.png,"[208.99247855392153, 0.21371397826322308, 9.058801217945039]"
uploads\extracted\1700322174.5942109.png,"[741.7463848039216, 0.13232072822433047, 9.80760644277292]"
uploads\extracted\1700322174.6122117.png,"[238.28425245098043, 0.2286977232345429, 9.23360466444975]"
uploads\extracted\1700322174.6292107.png,"[145.76616115196077, 0.23946114451079936, 8.746722412917617]"
uploads\extracted\1700322174.6462605.png,"[132.5558517156863, 0.30157253941820555, 8.574080014399177]"
uploads\extracted\1700322174.6618683.png,"[200.58460477941173, 0.2558294461157768, 8.584677953349516]"
uploads\extracted\1700322174.6838684.png,"[351.8660845588235, 0.21048251391536563, 9.200303164154505]"
uploads\extracted\1700322174.6998677.png,"[75.07265625000001, 0.26611104149287995, 8.35612813313147]"
uploads\extracted\1700322174.7148683.png,"[130.02594975490197, 0.24718937954089518, 8.660091036035963]"
uploads\extracted\1700322174.7328682.png,"[130.36510416666664, 0.3416187942389024, 8.286270388576222]"
uploads\extracted\1700322174.7489161.png,"[172.97890625, 0.21268537854629785, 8.835356736958245]"
uploads\extracted\1700322174.767513.png,"[322.9244791666667, 0.19676312333938684, 9.110268922541048]"
uploads\extracted\1700322174.7855127.png,"[251.8746629901961, 0.32567050681850745, 8.642828537557929]"
